<?xml version="1.0" encoding="UTF-8"?>
<metadata xml:lang="en"><Esri><CreaDate>20180322</CreaDate><CreaTime>12201000</CreaTime><ArcGISFormat>1.0</ArcGISFormat><ArcGISstyle>FGDC CSDGM Metadata</ArcGISstyle><SyncOnce>FALSE</SyncOnce><DataProperties><itemProps><itemName Sync="TRUE">landcover_2016_bostoncity.img</itemName><itemLocation><linkage Sync="TRUE">file://\\netfiles02\sal2\Data_Projects\States\MA\BostonMetro\Maps\TreeCanopy_2016_BostonCity\commondata\raster_data\landcover_2016_bostoncity.img</linkage><protocol Sync="TRUE">Local Area Network</protocol></itemLocation><nativeExtBox><westBL Sync="TRUE">739016.540000</westBL><eastBL Sync="TRUE">813550.040000</eastBL><southBL Sync="TRUE">2907217.730000</southBL><northBL Sync="TRUE">2972590.730000</northBL><exTypeCode Sync="TRUE">1</exTypeCode></nativeExtBox><imsContentType Sync="TRUE">002</imsContentType></itemProps><coordRef><type Sync="TRUE">Projected</type><geogcsn Sync="TRUE">GCS_North_American_1983</geogcsn><csUnits Sync="TRUE">Linear Unit: Foot_US (0.304801)</csUnits><projcsn Sync="TRUE">NAD_1983_StatePlane_Massachusetts_Mainland_FIPS_2001_Feet</projcsn><peXml Sync="TRUE">&lt;ProjectedCoordinateSystem xsi:type='typens:ProjectedCoordinateSystem' xmlns:xsi='http://www.w3.org/2001/XMLSchema-instance' xmlns:xs='http://www.w3.org/2001/XMLSchema' xmlns:typens='http://www.esri.com/schemas/ArcGIS/10.5'&gt;&lt;WKT&gt;PROJCS[&amp;quot;NAD_1983_StatePlane_Massachusetts_Mainland_FIPS_2001_Feet&amp;quot;,GEOGCS[&amp;quot;GCS_North_American_1983&amp;quot;,DATUM[&amp;quot;D_North_American_1983&amp;quot;,SPHEROID[&amp;quot;GRS_1980&amp;quot;,6378137.0,298.257222101]],PRIMEM[&amp;quot;Greenwich&amp;quot;,0.0],UNIT[&amp;quot;Degree&amp;quot;,0.0174532925199433]],PROJECTION[&amp;quot;Lambert_Conformal_Conic&amp;quot;],PARAMETER[&amp;quot;False_Easting&amp;quot;,656166.6666666665],PARAMETER[&amp;quot;False_Northing&amp;quot;,2460625.0],PARAMETER[&amp;quot;Central_Meridian&amp;quot;,-71.5],PARAMETER[&amp;quot;Standard_Parallel_1&amp;quot;,41.71666666666667],PARAMETER[&amp;quot;Standard_Parallel_2&amp;quot;,42.68333333333333],PARAMETER[&amp;quot;Latitude_Of_Origin&amp;quot;,41.0],UNIT[&amp;quot;Foot_US&amp;quot;,0.3048006096012192],AUTHORITY[&amp;quot;EPSG&amp;quot;,2249]]&lt;/WKT&gt;&lt;XOrigin&gt;-119851500&lt;/XOrigin&gt;&lt;YOrigin&gt;-94498200&lt;/YOrigin&gt;&lt;XYScale&gt;37371882.687749371&lt;/XYScale&gt;&lt;ZOrigin&gt;-100000&lt;/ZOrigin&gt;&lt;ZScale&gt;10000&lt;/ZScale&gt;&lt;MOrigin&gt;-100000&lt;/MOrigin&gt;&lt;MScale&gt;10000&lt;/MScale&gt;&lt;XYTolerance&gt;0.0032808333333333331&lt;/XYTolerance&gt;&lt;ZTolerance&gt;0.001&lt;/ZTolerance&gt;&lt;MTolerance&gt;0.001&lt;/MTolerance&gt;&lt;HighPrecision&gt;true&lt;/HighPrecision&gt;&lt;WKID&gt;102686&lt;/WKID&gt;&lt;LatestWKID&gt;2249&lt;/LatestWKID&gt;&lt;/ProjectedCoordinateSystem&gt;</peXml></coordRef><RasterProperties><General><PixelDepth Sync="TRUE">8</PixelDepth><HasColormap Sync="TRUE">TRUE</HasColormap><CompressionType Sync="TRUE">None</CompressionType><NumBands Sync="TRUE">1</NumBands><Format Sync="TRUE">IMAGINE Image</Format><HasPyramids Sync="TRUE">TRUE</HasPyramids><SourceType Sync="TRUE">discrete</SourceType><PixelType Sync="TRUE">unsigned integer</PixelType><NoDataValue Sync="TRUE"></NoDataValue></General></RasterProperties><copyHistory><copy source="M:\Data_Projects\States\MA\BostonMetro\Data\LandCover\landcover_2016_bostoncity.img" dest="\\netfiles02\sal2\Data_Projects\States\MA\BostonMetro\Maps\TreeCanopy_2016_BostonCity\commondata\raster_data\landcover_2016_bostoncity.img" date="20180322" time="12201000"></copy></copyHistory></DataProperties><SyncDate>20180130</SyncDate><SyncTime>11073700</SyncTime><ModDate>20180130</ModDate><ModTime>11073700</ModTime><scaleRange><minScale>50000</minScale><maxScale>5000</maxScale></scaleRange></Esri><mdLang><languageCode value="eng"/><countryCode value="USA" Sync="TRUE"></countryCode></mdLang><mdChar><CharSetCd value="004"/></mdChar><mdHrLv><ScopeCd value="005"/></mdHrLv><mdContact><rpIndName>Jarlath O'Neil-Dunne</rpIndName><rpOrgName>University of Vermont Spatial Analysis Laboratory</rpOrgName><rpPosName>Director</rpPosName><rpCntInfo><cntPhone><voiceNum>802-656-3324</voiceNum><faxNum>802-656-8683</faxNum></cntPhone><cntAddress addressType="both"><delPoint>81 Carrigan Drive</delPoint><delPoint>Aiken Center Room 205</delPoint><city>Burlington</city><adminArea>VT</adminArea><postCode>05405</postCode><country>US</country><eMailAdd>joneildu@uvm.edu</eMailAdd></cntAddress></rpCntInfo><role><RoleCd value="007"/></role></mdContact><mdStanName>ArcGIS Metadata</mdStanName><mdStanVer>1.0</mdStanVer><dataIdInfo><idCitation><resTitle Sync="TRUE">landcover_2016_bostoncity.img</resTitle><citRespParty><rpOrgName>University of Vermont Spatial Analysis Laboratory</rpOrgName><role><RoleCd value="006"/></role></citRespParty><presForm><PresFormCd value="005"/></presForm><presForm><fgdcGeoform>remote-sensing image</fgdcGeoform></presForm></idCitation><idAbs>High resolution land cover dataset for City of Boston, MA. Seven land cover classes were mapped: (1) tree canopy, (2) grass/shrub, (3) bare earth, (4) water, (5) buildings, (6) roads, and (7) other paved surfaces. The primary sources used to derive this land cover layer were 2013 LiDAR data, 2014 Orthoimagery, and 2016 NAIP imagery. Ancillary data sources included GIS data provided by City of Boston, MA or created by the UVM Spatial Analysis Laboratory. Object-based image analysis techniques (OBIA) were employed to extract land cover information using the best available remotely sensed and vector GIS datasets. OBIA systems work by grouping pixels into meaningful objects based on their spectral and spatial properties, while taking into account boundaries imposed by existing vector datasets. Within the OBIA environment a rule-based expert system was designed to effectively mimic the process of manual image analysis by incorporating the elements of image interpretation (color/tone, texture, pattern, location, size, and shape) into the classification process. A series of morphological procedures were employed to insure that the end product is both accurate and cartographically pleasing. Following the automated OBIA mapping a detailed manual review of the dataset was carried out at a scale of 1:2500 and all observable errors were corrected.</idAbs><idPurp>This dataset was developed for the City of Boston, Trust for Public Lands, and City of Cambridge. As such, it represents a 'top down' mapping perspective in which tree canopy over hanging other features is assigned to the tree canopy class. At the time of its creation this dataset represents the most detailed and accurate land cover dataset for the area.</idPurp><idCredit>University of Vermont Spatial Analysis Laboratory in collaboration with the City of Boston, Trust for Public Lands, and City of Cambridge.</idCredit><idStatus><ProgCd value="001"/></idStatus><idPoC><rpIndName>Jarlath O'Neil-Dunne</rpIndName><rpOrgName>University of Vermont Spatial Analysis Laboratory</rpOrgName><rpPosName>Director</rpPosName><rpCntInfo><cntPhone><voiceNum>802-656-3324</voiceNum><faxNum>802-656-8683</faxNum></cntPhone><cntAddress addressType="both"><delPoint>Aiken Room 205</delPoint><delPoint>81 Carrigan Drive</delPoint><city>Burlington</city><adminArea>VT</adminArea><postCode>05405</postCode><country>US</country><eMailAdd>joneildu@uvm.edu</eMailAdd></cntAddress></rpCntInfo><role><RoleCd value="007"/></role></idPoC><resMaint><maintFreq><MaintFreqCd value="011"/></maintFreq></resMaint><placeKeys><keyword>Boston</keyword><keyword>MA</keyword></placeKeys><tempKeys><keyword>2013, 2014, 2016</keyword></tempKeys><themeKeys><keyword>Urban</keyword><keyword>Land cover</keyword><keyword>UTC</keyword><keyword>tree canopy</keyword></themeKeys><themeKeys><keyword>imageryBaseMapsEarthCover</keyword><thesaName><resTitle>ISO 19115 Topic Categories</resTitle></thesaName></themeKeys><searchKeys><keyword>imageryBaseMapsEarthCover</keyword><keyword>Urban</keyword><keyword>2013, 2014, 2016</keyword><keyword>Boston</keyword><keyword>Land cover</keyword><keyword>UTC</keyword><keyword>tree canopy</keyword><keyword>MA</keyword></searchKeys><dataLang><languageCode value="eng"/><countryCode value="USA" Sync="TRUE"></countryCode></dataLang><tpCat><TopicCatCd value="010"/></tpCat><envirDesc Sync="TRUE"> Version 6.2 (Build 9200) ; Esri ArcGIS 10.5.0.6491</envirDesc><dataExt><geoEle><GeoBndBox><westBL>0</westBL><eastBL>0</eastBL><southBL>0</southBL><northBL>0</northBL></GeoBndBox></geoEle></dataExt><suppInfo>This assessment was completed by the University of Vermont's Spatial Analysis Laboratory with funding the City of Boston, Trust for Public Lands, and City of Cambridge. The methods used were developed by the University of Vermont Spatial Analysis Laboratory with funding from the City of Boston, Trust for Public Lands, and City of Cambridge. Tree canopy assessments have been conducted for numerous communities throughout the U.S. where the results have been instrumental in helping to establishing tree canopy goals.</suppInfo><spatRpType><SpatRepTypCd value="002" Sync="TRUE"></SpatRepTypCd></spatRpType><dataExt><geoEle><GeoBndBox esriExtentType="search"><exTypeCode Sync="TRUE">1</exTypeCode><westBL Sync="TRUE">-71.194111</westBL><eastBL Sync="TRUE">-70.917284</eastBL><northBL Sync="TRUE">42.404532</northBL><southBL Sync="TRUE">42.224081</southBL></GeoBndBox></geoEle></dataExt></dataIdInfo><dqInfo><dqScope><scpLvl><ScopeCd value="005"/></scpLvl></dqScope><report type="DQConcConsis"><measDesc>Valid raster dataset.</measDesc></report><report type="DQCompOm"><measDesc>Complete coverage for the study area using the most recent boundary data.</measDesc></report><report type="DQQuanAttAcc"><measDesc>No accuracy assessment was conducted, but the dataset was subject to a thorough manual quality control (QC). Accuracy assessments from previous UTC land cover datasets indicate that the use OBIA techniques in combination with a detailed QC yield an overall accuracy of 95% or better.</measDesc></report><dataLineage><prcStep><stepDesc>Object based image analysis (OBIA) using a rule-based expert system</stepDesc></prcStep><prcStep><stepDesc>Manual corrections to land cover classification</stepDesc></prcStep><dataSource><srcCitatn><resTitle>2013 LiDAR</resTitle><resAltTitle>LiDAR</resAltTitle></srcCitatn></dataSource><dataSource><srcCitatn><resTitle>2016 Orthoimagery</resTitle><resAltTitle>Orthos</resAltTitle></srcCitatn></dataSource><dataSource><srcScale><rfDenom>12000</rfDenom></srcScale><srcCitatn><resTitle>2016 National Agricultural Imagery Program 4-band data</resTitle><resAltTitle>NAIP</resAltTitle></srcCitatn></dataSource></dataLineage></dqInfo><spatRepInfo><Georect><numDims Sync="TRUE">2</numDims><axisDimension type="001"><dimSize Sync="TRUE">87164</dimSize><dimResol><value Sync="TRUE" uom="ftUS">0.750000</value></dimResol></axisDimension><axisDimension type="002"><dimSize Sync="TRUE">99378</dimSize><dimResol><value Sync="TRUE" uom="ftUS">0.750000</value></dimResol></axisDimension><cellGeo><CellGeoCd value="002" Sync="TRUE"/></cellGeo><tranParaAv Sync="TRUE">1</tranParaAv><chkPtAv Sync="TRUE">0</chkPtAv><cornerPts><pos Sync="TRUE">739016.540000 2907217.730000</pos></cornerPts><cornerPts><pos Sync="TRUE">739016.540000 2972590.730000</pos></cornerPts><cornerPts><pos Sync="TRUE">813550.040000 2972590.730000</pos></cornerPts><cornerPts><pos Sync="TRUE">813550.040000 2907217.730000</pos></cornerPts><centerPt><pos Sync="TRUE">776283.290000 2939904.230000</pos></centerPt><ptInPixel><PixOrientCd Sync="TRUE" value="001"></PixOrientCd></ptInPixel></Georect></spatRepInfo><eainfo><detailed Name="landcover_2016_bostoncity.img.vat"><enttyp><enttypl Sync="TRUE">landcover_2016_bostoncity.img.vat</enttypl><enttypd>UTC</enttypd><enttypt Sync="TRUE">Table</enttypt><enttypc Sync="TRUE">8</enttypc></enttyp><attr><attrlabl>OID</attrlabl><attrdef>Internal feature number.</attrdef><attrdefs>ESRI</attrdefs><attrdomv><udom>Sequential unique whole numbers that are automatically generated.</udom></attrdomv><attalias Sync="TRUE">OID</attalias><attrtype Sync="TRUE">OID</attrtype><attwidth Sync="TRUE">4</attwidth><atprecis Sync="TRUE">0</atprecis><attscale Sync="TRUE">0</attscale></attr><attr><attrlabl>Value</attrlabl><attrdef>Land cover code</attrdef><attrdefs>UTC</attrdefs><attrdomv><edom><edomv>7</edomv><edomvd>Other Paved Surfaces</edomvd></edom><edom><edomv>1</edomv><edomvd>Tree Canopy</edomvd></edom><edom><edomv>3</edomv><edomvd>Bare Soil</edomvd></edom><edom><edomv>4</edomv><edomvd>Water</edomvd></edom><edom><edomv>6</edomv><edomvd>Road/Railroad</edomvd></edom><edom><edomv>5</edomv><edomvd>Building</edomvd></edom><edom><edomv>2</edomv><edomvd>Grass/Shrub</edomvd></edom></attrdomv><attalias Sync="TRUE">Value</attalias><attrtype Sync="TRUE">Integer</attrtype><attwidth Sync="TRUE">10</attwidth><atprecis Sync="TRUE">10</atprecis><attscale Sync="TRUE">0</attscale></attr><attr><attrlabl>Count</attrlabl><attrdef># pixels per land cover class</attrdef><attrdefs>Internal</attrdefs><attalias Sync="TRUE">Count</attalias><attrtype Sync="TRUE">Double</attrtype><attwidth Sync="TRUE">19</attwidth><atprecis Sync="TRUE">0</atprecis><attscale Sync="TRUE">0</attscale></attr></detailed><overview><eaover>Seven land cover classes were mapped: (1) tree canopy, (2) grass/shrub, (3) bare earth, (4) water, (5) buildings, (6) roads/railroads, and (7) other paved surfaces.</eaover></overview></eainfo><distInfo><distFormat><formatName Sync="TRUE">Raster Dataset</formatName></distFormat></distInfo><mdHrLvName Sync="TRUE">dataset</mdHrLvName><refSysInfo><RefSystem><refSysID><identCode code="2249" Sync="TRUE"></identCode><idCodeSpace Sync="TRUE">EPSG</idCodeSpace><idVersion Sync="TRUE">5.3(9.0.0)</idVersion></refSysID></RefSystem></refSysInfo><contInfo><ImgDesc><contentTyp><ContentTypCd Sync="TRUE" value="002"></ContentTypCd></contentTyp><covDim><Band><dimDescrp Sync="TRUE">Layer_1</dimDescrp><maxVal Sync="TRUE">7.000000</maxVal><minVal Sync="TRUE">0.000000</minVal><bitsPerVal Sync="TRUE">8</bitsPerVal><valUnit><UOM type="length"></UOM></valUnit></Band></covDim></ImgDesc></contInfo><mdDateSt Sync="TRUE">20180130</mdDateSt></metadata>
